Date,SP500,VIX,BVOL,CVI
2020/8/10,3360.46997070312,22.1299991607666,39.6,73.7909
2020/8/11,3333.68994140625,24.0300006866455,39.68,78.4948
2020/8/12,3380.35009765625,22.2800006866455,41.21,74.2278
2020/8/13,3373.42993164062,22.1299991607666,40.81,72.7851
2020/8/14,3372.85009765625,22.0499992370605,40.84,78.4655
2020/8/17,3381.98999023437,21.3500003814697,40.26,85.7554
2020/8/18,3389.78002929687,21.5100002288818,40.5,85.8771
2020/8/19,3374.85009765625,22.5400009155273,42.96,81.9934
2020/8/20,3385.51000976562,22.7199993133544,43.01,76.9311
2020/8/21,3397.15991210937,22.5400009155273,43.15,75.7958
2020/8/24,3431.28002929687,22.3700008392334,44.06,73.701
2020/8/25,3443.6201171875,22.0300006866455,43.16,73.7044
2020/8/26,3478.72998046875,23.2700004577636,43.21,72.5659
2020/8/27,3484.55004882812,24.4699993133544,36.28,72.1712
2020/8/28,3508.01000976562,22.9599990844726,36.35,68.7425
2020/8/31,3500.31005859375,26.4099998474121,32.47,68.3376
2020/9/1,3526.64990234375,26.1200008392334,27.73,70.0088
2020/9/2,3580.84008789062,26.5699996948242,32,67.3533
2020/9/3,3455.06005859375,33.599998474121,32.26,70.5126
2020/9/4,3426.9599609375,30.75,41.14,73.659
2020/9/8,3331.84008789062,31.4599990844726,40.59,85.5059
2020/9/9,3398.9599609375,28.8099994659423,41.73,84.2996
2020/9/10,3339.18994140625,29.7099990844726,41.91,75.9582
2020/9/11,3340.96997070312,26.8700008392334,41.32,72.6631
2020/9/14,3383.5400390625,25.8500003814697,40.73,67.3444
2020/9/15,3401.19995117187,25.5900001525878,42.89,67.713
2020/9/16,3385.48999023437,26.0400009155273,42.72,67.5706
2020/9/17,3357.01000976562,26.4599990844726,41.31,63.9965
2020/9/18,3319.46997070312,25.829999923706,40.34,59.8288
2020/9/21,3281.06005859375,27.7800006866455,41.63,62.1866
2020/9/22,3315.57006835937,26.8600006103515,41.77,63.0234
2020/9/23,3236.919922,28.579999923706,40.78,62.6237
2020/9/24,3246.59008789062,28.5100002288818,40.59,63.7105
2020/9/25,3298.4599609375,26.3799991607666,41.08,58.6159
2020/9/28,3351.60009765625,26.1900005340576,41.82,58.9412
2020/9/29,3335.46997070312,26.2700004577636,41.65,58.3483
2020/9/30,3363,26.3700008392334,41.5,58.3668
2020/10/1,3380.80004882812,26.7000007629394,41.54,61.3368
2020/10/2,3348.419922,27.6299991607666,40.96,61.5531
2020/10/5,3408.60009765625,27.9599990844726,30.03,62.7207
2020/10/6,3360.96997070312,29.4799995422363,30.02,62.1748
2020/10/7,3419.43994140625,28.0599994659423,29.06,63.2181
2020/10/8,3446.830078,26.3600006103515,28.98,62.3959
2020/10/9,3477.13989257812,25,31.23,59.5141
2020/10/12,3534.21997070312,25.0699996948242,32.27,60.3395
2020/10/13,3511.92993164062,26.0699996948242,33,60.7983
2020/10/14,3488.669922,26.3999996185302,33.25,59.7924
2020/10/15,3483.34008789062,26.9699993133544,31.34,57.7394
2020/10/16,3483.81005859375,27.4099998474121,31.32,57.6807
2020/10/19,3426.919922,29.1800003051757,31.22,57.1201
2020/10/20,3443.1201171875,29.3500003814697,32,59.1138
2020/10/21,3435.56005859375,28.6499996185302,32.11,67.9009
2020/10/22,3453.48999023437,28.1100006103515,35.92,66.4477
2020/10/23,3465.38989257812,27.5499992370605,35.87,62.1722
2020/10/26,3400.96997070312,32.4599990844726,35.58,61.3771
2020/10/27,3390.67993164062,33.349998474121,35.57,66.6218
2020/10/28,3271.03002929687,40.2799987792968,35.4,66.9471
2020/10/29,3310.11010742187,37.5900001525878,36.13,64.4577
2020/10/30,3269.9599609375,38.0200004577636,35.88,63.8973
2020/11/2,3310.23999023437,37.1300010681152,35.73,72.2797
2020/11/3,3369.15991210937,35.5499992370605,35.73,71.6464
2020/11/4,3443.43994140625,29.5699996948242,35.82,69.9467
2020/11/5,3510.44995117187,27.579999923706,40.99,72.5426
2020/11/6,3509.43994140625,24.8600006103515,43.4,74.2531
2020/11/9,3550.5,25.75,44.33,71.8134
2020/11/10,3545.53002929687,24.7999992370605,45.53,68.4726
2020/11/11,3572.65991210937,23.4500007629394,45.13,66.6233
2020/11/12,3537.01000976562,25.3500003814697,44.93,66.81
2020/11/13,3585.14990234375,23.1000003814697,44.62,67.899
2020/11/16,3626.90991210937,22.4500007629394,45.17,67.9223
2020/11/17,3609.53002929687,22.7099990844726,46.02,74.7172
2020/11/18,3567.7900390625,23.8400001525878,49.63,82.7878
2020/11/19,3581.8701171875,23.1100006103515,51.45,73.7655
2020/11/20,3557.5400390625,23.7000007629394,51.13,79.0966
2020/11/23,3577.59008789062,22.6599998474121,53.24,90.3985
2020/11/24,3635.40991210937,21.6399993896484,52.96,91.9921
2020/11/25,3629.64990234375,21.25,52.98,91.7838
2020/11/27,3638.35009765625,20.8400001525878,70.25,86.1731
2020/11/30,3621.6298828125,20.5699996948242,70.77,93.2328
2020/12/1,3662.44995117187,20.7700004577636,71.15,97.2816
2020/12/2,3669.01000976562,21.1700000762939,71.04,87.4259
2020/12/3,3666.71997070312,21.2800006866455,71.01,85.226
2020/12/4,3699.1201171875,20.7900009155273,71.94,83.4428
2020/12/7,3691.9599609375,21.2999992370605,66.94,82.0635
2020/12/8,3702.25,20.6800003051757,66.61,80.5254
2020/12/9,3672.82006835937,22.2700004577636,67.26,78.8564
2020/12/10,3668.10009765625,22.5200004577636,66.77,72.4665
2020/12/11,3663.4599609375,23.3099994659423,67.71,72.4029
2020/12/14,3647.48999023437,24.7199993133544,69.9,74.0797
2020/12/15,3694.6201171875,22.8899993896484,69.91,74.3545
2020/12/16,3701.169922,22.5,70.03,77.911
2020/12/17,3722.47998046875,21.9300003051757,83.49,91.5746
2020/12/18,3709.40991210937,21.5699996948242,80.89,83.5233
2020/12/21,3694.919922,25.1599998474121,81.17,89.3205
2020/12/22,3687.26000976562,24.2299995422363,79.43,90.0958
2020/12/23,3690.01000976562,23.3099994659423,78.34,91.4396
2020/12/24,3703.06005859375,21.5300006866455,78.26,84.3591
2020/12/28,3735.36010742187,21.7000007629394,74.92,92.4082
2020/12/29,3727.0400390625,23.079999923706,73.99,93.5271
2020/12/30,3732.0400390625,22.7700004577636,74.32,96.2726
2020/12/31,3756.07006835937,22.75,74.57,101.8303
2021/1/4,3700.64990234375,26.9699993133544,97.44,115.9792
2021/1/5,3726.86010742187,25.3400001525878,97.77,116.2623
2021/1/6,3748.13989257812,25.0699996948242,101.73,124.8223
2021/1/7,3803.7900390625,22.3700008392334,102.33,142.2694
2021/1/8,3824.67993164062,21.5599994659423,102.99,142.4318
2021/1/11,3799.61010742187,24.079999923706,116.39,143.328
2021/1/12,3801.18994140625,23.329999923706,116.1,154.584
2021/1/13,3809.84008789062,22.2099990844726,116.5,147.6092
2021/1/14,3795.5400390625,23.25,119.48,152.782
2021/1/15,3768.25,24.3400001525878,119.77,152.8039
2021/1/19,3798.90991210937,23.2399997711181,116.27,148.7246
2021/1/20,3851.85009765625,21.579999923706,118.97,138.3712
2021/1/21,3853.07006835937,21.3199996948242,121.54,130.9544
2021/1/22,3841.46997070312,21.9099998474121,122.21,127.7224
2021/1/25,3855.36010742187,23.1900005340576,121.45,124.5441
2021/1/26,3849.6201171875,23.0200004577636,117.25,122.3167
2021/1/27,3750.77001953125,37.2099990844726,116.81,130.6129
2021/1/28,3787.3798828125,30.2099990844726,116.77,135.3365
2021/1/29,3714.23999023437,33.0900001525878,129.27,136.2992
2021/2/1,3773.86010742187,30.2399997711181,133.29,122.3231
2021/2/2,3826.31005859375,25.5599994659423,124.48,122.1641
2021/2/3,3830.169922,22.9099998474121,116.92,120.7915
2021/2/4,3871.73999023437,21.7700004577636,116.92,119.7638
2021/2/5,3886.830078,20.8700008392334,112.05,116.1995
2021/2/8,3915.59008789062,21.2399997711181,107.9,127.3736
2021/2/9,3911.22998046875,21.6299991607666,121.49,125.7036
2021/2/10,3909.8798828125,21.9899997711181,111.36,122.9832
2021/2/11,3916.3798828125,21.25,111.46,122.1361
2021/2/12,3934.830078,19.9699993133544,111.23,120.1051
2021/2/16,3932.59008789062,21.4599990844726,105.19,120.7893
2021/2/17,3931.330078,21.5,105.93,118.7791
2021/2/18,3913.96997070312,22.4899997711181,105.9,118.3586
2021/2/19,3906.7099609375,22.0499992370605,101.6,112.3586
2021/2/22,3876.5,23.4500007629394,100.43,121.8924
2021/2/23,3881.3701171875,23.1100006103515,121.76,132.4779
2021/2/24,3925.42993164062,21.3400001525878,125.37,125.6999
2021/2/25,3829.34008789062,28.8899993896484,124.14,121.3282
2021/2/26,3811.14990234375,27.9500007629394,127.99,118.0411
2021/3/1,3901.82006835937,23.3500003814697,112.53,115.0205
2021/3/2,3870.2900390625,24.1000003814697,112.45,109.748
2021/3/3,3819.71997070312,26.6700000762939,113.14,108.0387
2021/3/4,3768.46997070312,28.5699996948242,114.72,108.0862
2021/3/5,3841.93994140625,24.6599998474121,115.85,108.9215
2021/3/8,3821.35009765625,25.4699993133544,114.42,104.4697
2021/3/9,3875.43994140625,24.0300006866455,115.85,104.073
2021/3/10,3898.81005859375,22.5599994659423,115.85,103.714
2021/3/11,3939.34008789062,21.9099998474121,102.03,104.4513
2021/3/12,3943.34008789062,20.6900005340576,102.04,102.9561
2021/3/15,3968.93994140625,20.0300006866455,105.4,105.1197
2021/3/16,3962.7099609375,19.7900009155273,104.59,104.0305
2021/3/17,3974.1201171875,19.2299995422363,104.23,104.7378
2021/3/18,3915.4599609375,21.579999923706,105.59,100.9219
2021/3/19,3913.10009765625,20.9500007629394,104.43,96.2337
2021/3/22,3940.59008789062,18.8799991607666,104.09,86.4904
2021/3/23,3910.52001953125,20.2999992370605,105.72,85.48
2021/3/24,3889.13989257812,21.2000007629394,105.35,91.8677
2021/3/25,3909.52001953125,19.8099994659423,87.17,91.2313
2021/3/26,3974.5400390625,18.8600006103515,80.59,84.3373
2021/3/29,3971.09008789062,20.7399997711181,75.91,81.6573
2021/3/30,3958.55004882812,19.6100006103515,73.65,84.4167
2021/3/31,3972.88989257812,19.3999996185302,72.39,85.3284
2021/4/1,4019.8701171875,17.329999923706,72.09,82.6225
2021/4/5,4077.90991210937,17.9099998474121,67.71,80.3765
2021/4/6,4073.93994140625,18.1200008392334,65.8,80.9286
2021/4/7,4079.94995117187,17.1599998474121,67.59,79.9401
2021/4/8,4097.169922,16.9500007629394,62.57,75.5952
2021/4/9,4128.7998046875,16.6900005340576,63.8,75.9618
2021/4/12,4127.990234,16.9099998474121,61.51,83.044
2021/4/13,4141.589844,16.6499996185302,63.49,86.6793
2021/4/14,4124.660156,16.9899997711181,59.61,84.7738
2021/4/15,4170.419922,16.5699996948242,60.62,79.6018
2021/4/16,4185.47021484375,16.25,61.55,77.4506
2021/4/19,4163.259766,17.2900009155273,76.12,84.7606
2021/4/20,4134.93994140625,18.6800003051757,74.48,83.8959
2021/4/21,4173.419922,17.5,74.32,82.9979
2021/4/22,4134.97998046875,18.7099990844726,71.52,86.8441
2021/4/23,4180.169922,17.329999923706,77.36,91.6817
2021/4/26,4187.6201171875,17.6399993896484,78.01,84.3695
2021/4/27,4186.72021484375,17.5599994659423,78.13,80.0773
2021/4/28,4183.18017578125,17.2800006866455,77.13,79.5036
2021/4/29,4211.47021484375,17.6100006103515,76.73,81.3187
2021/4/30,4181.169922,18.6100006103515,76.54,80.1239
2021/5/3,4192.660156,18.3099994659423,80.69,87.5319
2021/5/4,4164.660156,19.4799995422363,81.63,93.9744
2021/5/5,4167.589844,19.1499996185302,81.81,92.709
2021/5/6,4201.6201171875,18.3899993896484,83.55,91.1038
2021/5/7,4232.60009765625,16.6900005340576,82.68,88.804
2021/5/10,4188.43017578125,19.6599998474121,81.78,99.0925
2021/5/11,4152.10009765625,21.8400001525878,83.05,98.634
2021/5/12,4063.0400390625,27.5900001525878,83.21,101.9581
2021/5/13,4112.5,23.1299991607666,92.12,103.177
2021/5/14,4173.85009765625,18.8099994659423,91.84,104.2905
2021/5/17,4163.2900390625,19.7199993133544,94.84,127.6786
2021/5/18,4127.830078,21.3400001525878,85.36,120.4476
2021/5/19,4115.68017578125,22.1800003051757,101.19,134.1699
2021/5/20,4159.1201171875,20.6700000762939,104.13,145.1078
2021/5/21,4155.85986328125,20.1499996185302,104.2,158.4231
2021/5/24,4197.0498046875,18.3999996185302,106.76,144.6406
2021/5/25,4188.1298828125,18.8400001525878,106.62,142.0761
2021/5/26,4195.990234,17.3600006103515,105.82,135.8308
2021/5/27,4200.8798828125,16.7399997711181,105.05,127.051
2021/5/28,4204.10986328125,16.7600002288818,110.26,138.4891
2021/6/1,4202.0400390625,17.8999996185302,108.32,120.3921
2021/6/2,4208.1201171875,17.4799995422363,107.41,117.2484
2021/6/3,4192.85009765625,18.0400009155273,108.77,112.1679
2021/6/4,4229.89013671875,16.4200000762939,110.22,113.614
2021/6/7,4226.52001953125,16.4200000762939,106.84,112.7685
2021/6/8,4227.259766,17.0699996948242,110.64,124.1288
2021/6/9,4219.5498046875,17.8899993896484,113.27,115.9592
2021/6/10,4239.18017578125,16.1000003814697,118.07,107.5573
2021/6/11,4247.43994140625,15.6499996185302,117.65,103.576
2021/6/14,4255.14990234375,16.3899993896484,115.82,104.9686
2021/6/15,4246.589844,17.0200004577636,115.95,100.7957
2021/6/16,4223.7001953125,18.1499996185302,113.35,99.2163
2021/6/17,4221.85986328125,17.75,113.36,97.2236
2021/6/18,4166.4501953125,20.7000007629394,95.75,99.8192
2021/6/21,4224.7900390625,17.8899993896484,95.24,107.843
2021/6/22,4246.43994140625,16.6599998474121,92.97,113.3644
2021/6/23,4241.839844,16.3199996948242,94.96,106.7856
2021/6/24,4266.490234,15.9700002670288,94.85,104.9151
2021/6/25,4280.7001953125,15.619999885559,90.93,105.9223
2021/6/28,4290.60986328125,15.7600002288818,87.65,107.4701
2021/6/29,4291.7998046875,16.0200004577636,88.79,103.4811
2021/6/30,4297.5,15.829999923706,88.57,106.4787
2021/7/1,4319.93994140625,15.4799995422363,89.37,106.6011
2021/7/2,4352.339844,15.0699996948242,89.24,103.3117
2021/7/6,4343.5400390625,16.4400005340576,89.53,98.1919
2021/7/7,4358.1298828125,16.2000007629394,89.84,97.4479
2021/7/8,4320.81982421875,19,86.2,97.8396
2021/7/9,4369.5498046875,16.1800003051757,84.06,94.6256
2021/7/12,4384.6298828125,16.1700000762939,77.42,92.0527
2021/7/13,4369.2099609375,17.1200008392334,77.51,92.3061
2021/7/14,4374.2998046875,16.329999923706,70.13,92.176
2021/7/15,4360.02978515625,17.0100002288818,69.79,89.9544
2021/7/16,4327.160156,18.4500007629394,69.95,87.9262
2021/7/19,4258.490234,22.5,67.72,90.599
2021/7/20,4323.06005859375,19.7299995422363,67.34,95.0007
2021/7/21,4358.68994140625,17.9099998474121,69.07,93.2136
2021/7/22,4367.47998046875,17.6900005340576,68.36,90.9095
2021/7/23,4411.7900390625,17.2000007629394,62.56,87.3419
2021/7/26,4422.2998046875,17.579999923706,72.49,92.4192
2021/7/27,4401.4599609375,19.3600006103515,71.41,92.146
2021/7/28,4400.64013671875,18.3099994659423,74.8,98.6992
2021/7/29,4419.14990234375,17.7000007629394,74.22,97.4753
2021/7/30,4395.259766,18.2399997711181,74.41,94.2959
2021/8/2,4387.160156,19.4599990844726,77.26,94.7071
2021/8/3,4423.14990234375,18.0400009155273,77.5,95.6782
2021/8/4,4402.660156,17.9699993133544,74.64,97.9616
2021/8/5,4429.10009765625,17.2800006866455,74.6,101.0602
2021/8/6,4436.52001953125,16.1499996185302,77.32,99.3835
2021/8/9,4432.35009765625,16.7199993133544,76.23,110.5816
2021/8/10,4436.75,16.7900009155273,76.36,112.5527
2021/8/11,4442.410156,16.1700000762939,76.21,108.9244
2021/8/12,4460.830078,15.5900001525878,76.51,104.469
2021/8/13,4468,15.4499998092651,76.08,102.9255
2021/8/16,4479.7099609375,16.1200008392334,74.97,103.3789
2021/8/17,4448.080078,17.9099998474121,75.52,101.7615
2021/8/18,4400.27001953125,21.5699996948242,77.67,101.0468
2021/8/19,4405.7998046875,21.6700000762939,74.63,100.2797
2021/8/20,4441.669922,18.5599994659423,74.48,98.9999
2021/8/23,4479.52978515625,17.1499996185302,74.12,99.985
2021/8/24,4486.22998046875,17.2199993133544,75.02,97.4417
2021/8/25,4496.18994140625,16.7900009155273,67.55,96.8554
2021/8/26,4470,18.8400001525878,67.4,96.7136
2021/8/27,4509.3701171875,16.3899993896484,63.22,94.9014
2021/8/30,4528.7900390625,16.1900005340576,57.94,93.8028
2021/8/31,4522.68017578125,16.4799995422363,57.92,95.6826
2021/9/1,4524.089844,16.1100006103515,54.57,97.8054
2021/9/2,4536.9501953125,16.4099998474121,55.09,99.559
2021/9/3,4535.43017578125,16.4099998474121,54.83,96.3082
2021/9/7,4520.02978515625,18.1399993896484,45.43,99.5711
2021/9/8,4514.06982421875,17.9599990844726,56.09,97.4768
2021/9/9,4493.27978515625,18.7999992370605,56.04,95.8158
2021/9/10,4458.580078,20.9500007629394,55.87,94.0526
2021/9/13,4468.72998046875,19.3700008392334,55.28,95.2412
2021/9/14,4443.0498046875,19.4599990844726,56.06,94.6928
2021/9/15,4480.7001953125,18.1800003051757,56.08,93.8186
2021/9/16,4473.75,18.6900005340576,56.01,89.8523
2021/9/17,4432.990234,20.8099994659423,53.62,87.1383
2021/9/20,4357.72998046875,25.7099990844726,57.23,92.4503
2021/9/21,4354.18994140625,24.3600006103515,56.96,95.3672
2021/9/22,4395.64013671875,20.8700008392334,56.88,93.2299
2021/9/23,4448.97998046875,18.6299991607666,58.71,88.2051
2021/9/24,4455.47998046875,17.75,59.86,89.8998
2021/9/27,4443.10986328125,18.7600002288818,60.22,91.4585
2021/9/28,4352.6298828125,23.25,61.54,94.0019
2021/9/29,4359.4599609375,22.5599994659423,61.65,93.7562
2021/9/30,4307.5400390625,23.1399993896484,62.02,93.2836
2021/10/1,4357.0400390625,21.1000003814697,71.39,89.0207
2021/10/4,4300.4599609375,22.9599990844726,69.39,90.1717
2021/10/5,4345.72021484375,21.2999992370605,71.69,92.8684
2021/10/6,4363.5498046875,21,71.66,92.3804
2021/10/7,4399.759766,19.5400009155273,74.15,90.6366
2021/10/8,4391.339844,18.7700004577636,65.96,90.3897
2021/10/11,4361.18994140625,20,65.88,91.4522
2021/10/12,4350.64990234375,19.8500003814697,65.92,94.5751
2021/10/13,4363.7998046875,18.6399993896484,66.89,95.7939
2021/10/14,4438.259766,16.8600006103515,68.12,98.3841
2021/10/15,4471.3701171875,16.2999992370605,67.93,94.182
2021/10/18,4486.4599609375,16.3099994659423,68.49,94.1606
2021/10/19,4519.6298828125,15.6999998092651,67.84,95.0357
2021/10/20,4536.18994140625,15.4899997711181,59.28,98.2661
2021/10/21,4549.77978515625,15.0100002288818,58.8,96.2044
2021/10/22,4544.89990234375,15.4300003051757,57.93,91.0919
2021/10/25,4566.47998046875,15.2399997711181,56.51,90.7418
2021/10/26,4574.7900390625,15.9799995422363,56.76,91.4682
2021/10/27,4551.68017578125,16.9799995422363,63.09,93.6725
2021/10/28,4596.419922,16.5300006866455,61.12,94.7656
2021/10/29,4605.3798828125,16.2600002288818,61.31,93.6499
2021/11/1,4613.669922,16.4099998474121,54.04,92.9144
2021/11/2,4630.64990234375,16.0300006866455,54.14,94.7677
2021/11/3,4660.56982421875,15.1000003814697,53.84,93.455
2021/11/4,4680.06005859375,15.4399995803833,53.18,92.4131
2021/11/5,4697.52978515625,16.4799995422363,52.77,91.3696
2021/11/8,4701.7001953125,17.2199993133544,54.38,93.7401
2021/11/9,4685.25,17.7800006866455,54.74,91.1568
2021/11/10,4646.7099609375,18.7299995422363,54.79,92.0513
2021/11/11,4649.27001953125,17.6599998474121,55.58,91.1132
2021/11/12,4682.85009765625,16.2900009155273,54.14,94.4196
2021/11/15,4682.7998046875,16.4899997711181,50.21,90.8929
2021/11/16,4700.89990234375,16.3700008392334,58.25,94.3373
2021/11/17,4688.669922,17.1100006103515,58.25,95.5678
2021/11/18,4704.5400390625,17.5900001525878,58.04,95.4881
2021/11/19,4697.9599609375,17.9099998474121,59.22,93.135
2021/11/22,4682.93994140625,19.1700000762939,59.22,96.24
2021/11/23,4690.7001953125,19.3799991607666,59.37,96.7036
2021/11/24,4701.4599609375,18.579999923706,57.48,97.0597
2021/11/26,4594.6201171875,28.6200008392334,58.18,92.4546
2021/11/29,4655.27001953125,22.9599990844726,58.77,90.1097
2021/11/30,4567,27.1900005340576,58.59,92.2519
2021/12/1,4513.0400390625,31.1200008392334,57.87,91.3354
2021/12/2,4577.10009765625,27.9500007629394,57.4,92.2813
2021/12/3,4538.43017578125,30.6700000762939,57.62,91.8809
2021/12/6,4591.669922,27.1800003051757,92.54,94.811
2021/12/7,4686.75,21.8899993896484,95.65,93.4522
2021/12/8,4701.2099609375,19.8999996185302,93.08,94.408
2021/12/9,4667.4501953125,21.579999923706,92.34,96.8859
2021/12/10,4712.02001953125,18.6900005340576,92.34,96.7701
2021/12/13,4668.97021484375,20.3099994659423,92.61,97.682
2021/12/14,4634.089844,21.8899993896484,92.56,98.348
2021/12/15,4709.85009765625,19.2900009155273,92.43,96.661
2021/12/16,4668.669922,20.5699996948242,89.22,92.0055
2021/12/17,4620.64013671875,21.5699996948242,90.07,90.887
2021/12/20,4568.02001953125,22.8700008392334,88.14,92.2793
2021/12/21,4649.22998046875,21.0100002288818,91.05,91.0278
2021/12/22,4696.56005859375,18.6299991607666,90.91,89.0496
2021/12/23,4725.7900390625,17.9599990844726,90.77,86.9144
2021/12/27,4791.18994140625,17.6800003051757,90.21,85.4648
2021/12/28,4786.35009765625,17.5400009155273,90.78,81.9361
2021/12/29,4793.06005859375,16.9500007629394,89.57,83.2783
2021/12/30,4778.72998046875,17.329999923706,89.43,83.6497
2021/12/31,4766.18017578125,17.2199993133544,89.73,78.5773
2022/1/3,4796.56005859375,16.6000003814697,55.95,74.2507
2022/1/4,4793.5400390625,16.9099998474121,52.54,74.2772
2022/1/5,4700.580078,19.7299995422363,51.96,78.66
2022/1/6,4696.0498046875,19.6100006103515,52.54,75.5712
2022/1/7,4677.02978515625,18.7600002288818,50.79,76.6271
2022/1/10,4670.2900390625,19.3999996185302,50.72,76.7577
2022/1/11,4713.06982421875,18.4099998474121,50.24,77.7343
2022/1/12,4726.35009765625,17.6200008392334,51.48,73.8256
2022/1/13,4659.02978515625,20.3099994659423,51.05,69.8266
2022/1/14,4662.85009765625,19.1900005340576,52.17,67.1179
2022/1/18,4577.10986328125,22.7900009155273,51.07,69.6556
2022/1/19,4532.759766,23.8500003814697,50.7,68.4824
2022/1/20,4482.72998046875,25.5900001525878,45.77,66.9205
2022/1/21,4397.93994140625,28.8500003814697,52.87,78.9697
2022/1/24,4410.1298828125,29.8999996185302,59.41,84.238
2022/1/25,4356.4501953125,31.1599998474121,66.71,85.0296
2022/1/26,4349.93017578125,31.9599990844726,68.62,85.3457
2022/1/27,4326.509766,30.4899997711181,68.79,83.3381
2022/1/28,4431.85009765625,27.6599998474121,68.32,79.1523
2022/1/31,4515.5498046875,24.829999923706,69.9,75.9168
2022/2/1,4546.5400390625,21.9599990844726,71.27,76.5963
2022/2/2,4589.3798828125,22.0900001525878,71.3,78.9396
2022/2/3,4477.43994140625,24.3500003814697,72.75,78.4624
2022/2/4,4500.52978515625,23.2199993133544,74.11,75.1229
2022/2/7,4483.8701171875,22.8600006103515,77.29,74.6252
2022/2/8,4521.5400390625,21.4400005340576,77.84,74.0052
2022/2/9,4587.18017578125,19.9599990844726,77.82,74.4356
2022/2/10,4504.080078,23.9099998474121,78.36,74.5074
2022/2/11,4418.64013671875,27.3600006103515,78.9,76.4358
2022/2/14,4401.669922,28.329999923706,77.46,75.7385
2022/2/15,4471.06982421875,25.7000007629394,79.34,74.3348
2022/2/16,4475.009766,24.2900009155273,79.3,72.0302
2022/2/17,4380.259766,28.1100006103515,79.35,75.4344
2022/2/18,4348.8701171875,27.75,83,72.9403
2022/2/22,4304.759766,28.8099994659423,71.04,80.5631
2022/2/23,4225.5,31.0200004577636,68.91,79.2259
2022/2/24,4288.7001953125,30.3199996948242,73.21,85.0618
2022/2/25,4384.64990234375,27.5900001525878,78.79,75.8244
2022/2/28,4373.93994140625,30.1499996185302,77.67,80.352
2022/3/1,4306.259766,33.3199996948242,89.65,80.0293
2022/3/2,4386.5400390625,30.7399997711181,89,77.6606
2022/3/3,4363.490234,30.4799995422363,88.66,77.9048
2022/3/4,4328.8701171875,31.9799995422363,90.02,80.5558
2022/3/7,4201.089844,36.4500007629394,85.12,83.2068
2022/3/8,4170.7001953125,35.1300010681152,85.38,83.6887
2022/3/9,4277.8798828125,32.4500007629394,89.32,83.8191
2022/3/10,4259.52001953125,30.2299995422363,92.4,83.2416
2022/3/11,4204.31005859375,30.75,92.7,82.2633
2022/3/14,4173.10986328125,31.7700004577636,91.12,84.9316
2022/3/15,4262.4501953125,29.829999923706,91.08,86.5849
2022/3/16,4357.85986328125,26.6700000762939,92.76,83.8081
2022/3/17,4411.669922,25.6700000762939,91.02,78.6925
2022/3/18,4463.1201171875,23.8700008392334,91.04,74.1809
2022/3/21,4461.18017578125,23.5300006866455,88.23,75.0932
2022/3/22,4511.60986328125,22.9400005340576,87.99,74.3996
2022/3/23,4456.240234,23.5699996948242,88.23,72.7684
2022/3/24,4520.160156,21.6700000762939,88.44,70.1916
2022/3/25,4543.06005859375,20.8099994659423,88.49,66.0956
2022/3/28,4575.52001953125,19.6299991607666,76.71,67.0666
2022/3/29,4631.60009765625,18.8999996185302,76.69,66.1419
2022/3/30,4602.4501953125,19.329999923706,75.79,65.7881
2022/3/31,4530.410156,20.5599994659423,61.8,67.49
2022/4/1,4545.85986328125,19.6299991607666,63.74,64.1978
2022/4/4,4582.64013671875,18.5699996948242,57.69,64.8156
2022/4/5,4525.1201171875,21.0300006866455,56.9,66.1758
2022/4/6,4481.14990234375,22.1000003814697,58.98,69.4915
2022/4/7,4500.2099609375,21.5499992370605,59.86,66.9865
2022/4/8,4488.27978515625,21.1599998474121,53.61,66.0177
2022/4/11,4412.52978515625,24.3700008392334,47.99,69.8499
2022/4/12,4397.4501953125,24.2600002288818,48.38,67.8512
2022/4/13,4446.589844,21.8199996948242,48.6,66.4795
2022/4/14,4392.589844,22.7000007629394,49.38,64.5535
2022/4/18,4391.68994140625,22.1700000762939,46.91,65.7238
2022/4/19,4462.2099609375,21.3700008392334,49.58,64.1775
2022/4/20,4459.4501953125,20.3199996948242,50.58,64.1883
2022/4/21,4393.660156,22.6800003051757,48.81,65.0501
2022/4/22,4271.77978515625,28.2099990844726,50.92,63.6291
2022/4/25,4296.1201171875,27.0200004577636,49.1,68.8976
2022/4/26,4175.2001953125,33.5200004577636,51.8,69.3572
2022/4/27,4183.9599609375,31.6000003814697,48.21,68.4299
2022/4/28,4287.5,29.9899997711181,48.68,66.0885
2022/4/29,4131.93017578125,33.4000015258789,49.04,63.649
2022/5/2,4155.3798828125,32.3400001525878,46.06,65.477
2022/5/3,4175.47998046875,29.25,46.07,67.7381
2022/5/4,4300.169922,25.4200000762939,46.56,65.2984
2022/5/5,4146.8701171875,31.2000007629394,46.62,66.8081
2022/5/6,4123.339844,30.1900005340576,55.64,65.1145
2022/5/9,3991.23999023437,34.75,58.5,83.0436
2022/5/10,4001.05004882812,32.9900016784668,59.34,82.1866
2022/5/11,3935.17993164062,32.560001373291,58.66,90.7095
2022/5/12,3930.080078,31.7700004577636,68.28,124.9045
2022/5/13,4023.88989257812,28.8700008392334,74.61,102.0421
2022/5/16,4008.01000976562,27.4699993133544,77,99.0409
2022/5/17,4088.85009765625,26.1000003814697,77.29,93.2841
2022/5/18,3923.67993164062,30.9599990844726,76.8,99.1826
2022/5/19,3900.7900390625,29.3500003814697,74.42,94.5337
2022/5/20,3901.36010742187,29.4300003051757,74.77,93.2345
2022/5/23,3973.75,28.4799995422363,75.37,86.3979
2022/5/24,3941.47998046875,29.4500007629394,75.99,86.1739
2022/5/25,3978.72998046875,28.3700008392334,76.04,86.2371
2022/5/26,4057.84008789062,27.5,73.64,85.6575
2022/5/27,4158.240234,25.7199993133544,72.94,88.0332
2022/5/31,4132.14990234375,26.1900005340576,76.75,78.4282
2022/6/1,4101.22998046875,25.6900005340576,76.31,80.9747
2022/6/2,4176.81982421875,24.7199993133544,77.52,78.6177
2022/6/3,4108.5400390625,24.7900009155273,77.14,77.1565
2022/6/6,4121.43017578125,25.0699996948242,73.1,73.3788
2022/6/7,4160.68017578125,24.0200004577636,75.05,76.2855
2022/6/8,4115.77001953125,23.9599990844726,74.01,77.2158
2022/6/9,4017.82006835937,26.0900001525878,72.77,76.8649
2022/6/10,3900.86010742187,27.75,72.85,79.8375
2022/6/13,3749.6298828125,34.0200004577636,76.95,111.777
2022/6/14,3735.47998046875,32.6899986267089,78.49,110.2434
2022/6/15,3789.98999023437,29.6200008392334,79.04,107.5388
2022/6/16,3666.77001953125,32.9500007629394,78.72,119.4114
2022/6/17,3674.84008789062,31.1299991607666,78.8,112.3579
2022/6/21,3764.7900390625,30.1900005340576,84.67,102.6686
2022/6/22,3759.88989257812,28.9500007629394,84.1,103.1445
2022/6/23,3795.72998046875,29.0499992370605,83.8,99.7185
2022/6/24,3911.73999023437,27.2299995422363,84.74,95.5631
2022/6/27,3900.11010742187,26.9500007629394,85.15,94.8549
2022/6/28,3821.55004882812,28.3600006103515,84.8,93.3455
2022/6/29,3818.830078,28.1599998474121,82.87,96.5111
2022/6/30,3785.3798828125,28.7099990844726,81.75,101.3118
2022/7/1,3825.330078,26.7000007629394,82.07,99.0956
2022/7/5,3831.38989257812,27.5400009155273,82.91,92.1531
2022/7/6,3845.080078,26.7299995422363,80.19,89.7892
2022/7/7,3902.6201171875,26.079999923706,79.12,87.8212
2022/7/8,3899.3798828125,24.6399993896484,81.16,86.0835
2022/7/11,3854.42993164062,26.1700000762939,80.94,84.7278
2022/7/12,3818.80004882812,27.2900009155273,78.42454545454545,89.9023
2022/7/13,3801.78002929687,26.8199996948242,75.9090909090909,89.2273
2022/7/14,3790.3798828125,26.3999996185302,73.39363636363636,87.76
2022/7/15,3863.15991210937,24.2299995422363,70.87818181818182,84.6758
2022/7/18,3830.85009765625,25.2999992370605,68.36272727272727,90.856
2022/7/19,3936.68994140625,24.5,65.84727272727272,92.3779
2022/7/20,3959.89990234375,23.8799991607666,63.33181818181818,92.8795
2022/7/21,3998.94995117187,23.1100006103515,60.81636363636363,92.4262
2022/7/22,3961.6298828125,23.0300006866455,58.30090909090909,92.8129
2022/7/25,3966.84008789062,23.3600006103515,55.78545454545454,91.8003
2022/7/26,3921.05004882812,24.6900005340576,53.269999999999996,91.6135
2022/7/27,4023.61010742187,23.2399997711181,50.75454545454546,88.9804
2022/7/28,4072.42993164062,22.329999923706,48.23909090909091,87.8957
2022/7/29,4130.2900390625,21.329999923706,45.723636363636366,87.4458
2022/8/1,4118.6298828125,22.8400001525878,43.20818181818182,89.5967
2022/8/2,4091.18994140625,23.9300003051757,40.692727272727275,88.6354
2022/8/3,4155.169922,21.9500007629394,38.17727272727273,87.2405
2022/8/4,4151.93994140625,21.4400005340576,35.661818181818184,85.6089
2022/8/5,4145.18994140625,21.1499996185302,33.14636363636364,84.9158
2022/8/8,4140.06005859375,21.2900009155273,30.630909090909093,86.5567
2022/8/9,4122.47021484375,21.7700004577636,28.115454545454547,86.6456
2022/8/10,4210.240234,19.7399997711181,25.6,84.9474
2022/8/11,4207.27001953125,20.2000007629394,26.13,82.8619
2022/8/12,4280.14990234375,19.5300006866455,25.99,81.4196
2022/8/15,4297.14013671875,19.9500007629394,26,81.9541
2022/8/16,4305.2001953125,19.6900005340576,25.83,82.8716
2022/8/17,4274.0400390625,19.8999996185302,24.85,85.7843
2022/8/18,4283.740234,19.5599994659423,23.73,85.545
2022/8/19,4228.47998046875,20.6000003814697,23.9,89.8957
2022/8/22,4137.990234,23.7999992370605,22.71,91.4555
2022/8/23,4128.72998046875,24.1100006103515,22.72,90.0764
2022/8/24,4140.77001953125,22.8199996948242,22.19,87.4089
2022/8/25,4199.1201171875,21.7800006866455,22.21,87.2644
2022/8/26,4057.65991210937,25.5599994659423,22.02,85.6761
2022/8/29,4030.61010742187,26.2099990844726,20.33,87.4478
2022/8/30,3986.15991210937,26.2099990844726,20.01,88.1285
2022/8/31,3955,25.8700008392334,20.78,88.3551
2022/9/1,3966.85009765625,25.5599994659423,20.49,90.6502
2022/9/2,3924.26000976562,25.4699993133544,20.49,88.521
2022/9/6,3908.18994140625,26.9099998474121,19.85,90.617
2022/9/7,3979.8701171875,24.6399993896484,20.68,91.6513
2022/9/8,4006.17993164062,23.6100006103515,20.63,90.8874
2022/9/9,4067.36010742187,22.7900009155273,21.8,88.5439
2022/9/12,4110.410156,23.8700008392334,20.85,91.4296
2022/9/13,3932.68994140625,27.2700004577636,20.77,93.5396
2022/9/14,3946.01000976562,26.1599998474121,23.04,92.2182
2022/9/15,3901.35009765625,26.2700004577636,23.31,86.667
2022/9/16,3873.330078,26.2999992370605,23.41,82.7926
2022/9/19,3899.88989257812,25.7600002288818,22.91,80.88
2022/9/20,3855.92993164062,27.1599998474121,23.24,81.3362
2022/9/21,3789.92993164062,27.9899997711181,23.24,84.3463
2022/9/22,3757.98999023437,27.3500003814697,23.65,84.0878
2022/9/23,3693.22998046875,29.9200000762939,23.96,84.3481
2022/9/26,3655.0400390625,32.2599983215332,23.9,83.5452
2022/9/27,3647.2900390625,32.599998474121,24.82,84.1344
2022/9/28,3719.0400390625,30.1800003051757,26,86.2669
2022/9/29,3640.46997070312,31.8400001525878,26.08,86.8755
2022/9/30,3585.6201171875,31.6200008392334,25.46,81.7542
2022/10/3,3678.42993164062,30.1000003814697,25.26,79.4898
2022/10/4,3790.92993164062,29.0699996948242,25.43,77.9405
2022/10/5,3783.28002929687,28.5499992370605,25.51,78.288
2022/10/6,3744.52001953125,30.5200004577636,25.54,76.8941
2022/10/7,3639.65991210937,31.3600006103515,24.51,74.0269
2022/10/10,3612.38989257812,32.4500007629394,23.41,75.3804
2022/10/11,3588.84008789062,33.6300010681152,23.26,76.796
2022/10/12,3577.03002929687,33.5699996948242,22.96,77.2607
2022/10/13,3669.90991210937,31.9400005340576,22.87,75.3604
2022/10/14,3583.07006835937,32.0200004577636,20.18,69.2408
2022/10/17,3677.94995117187,31.3700008392334,19.72,66.3176
2022/10/18,3719.97998046875,30.5,19.65,66.989
2022/10/19,3695.15991210937,30.7600002288818,18.83,66.3248
2022/10/20,3665.78002929687,29.9799995422363,18.28,66.484
2022/10/21,3752.75,29.6900005340576,18.24,67.0169
2022/10/24,3797.34008789062,29.8500003814697,16.48,68.7443
2022/10/25,3859.11010742187,28.4599990844726,16.44,71.3982
2022/10/26,3830.60009765625,27.2800006866455,17.28,73.9597
2022/10/27,3807.30004882812,27.3899993896484,16,71.4424
2022/10/28,3901.06005859375,25.75,13.96,65.8785
2022/10/31,3871.97998046875,25.8799991607666,12.77,71.2472
2022/11/1,3856.10009765625,25.8099994659423,13.01,70.8325
2022/11/2,3759.68994140625,25.8600006103515,12.82,69.1599
2022/11/3,3719.88989257812,25.2999992370605,12.64,63.1652
2022/11/4,3770.55004882812,24.5499992370605,12.55,65.7589
2022/11/7,3806.80004882812,24.3500003814697,12.59,67.9828
2022/11/8,3828.11010742187,25.5400009155273,13.38,94.7384
2022/11/9,3748.57006835937,26.0900001525878,17.34,124.9242
2022/11/10,3956.3701171875,23.5300006866455,21.51,105.0773
2022/11/11,3992.92993164062,22.5200004577636,24.25,109.0541
2022/11/14,3957.25,23.7299995422363,24.83,106.8903
2022/11/15,3991.72998046875,24.5400009155273,25.05,98.388
2022/11/16,3958.7900390625,24.1100006103515,25.17,105.9794
2022/11/17,3946.56005859375,23.9300003051757,25.27,97.4751
2022/11/18,3965.34008789062,23.1200008392334,25.27,90.2061
2022/11/21,3949.93994140625,22.3600006103515,25.43,98.7164
2022/11/22,4003.580078,21.2900009155273,25.77,96.9294
2022/11/23,4027.26000976562,20.3500003814697,26.17,90.9644
2022/11/25,4026.1201171875,20.5,25.61,82.418
2022/11/28,3963.93994140625,22.2099990844726,25.38,83.6974
2022/11/29,3957.6298828125,21.8899993896484,25.41,81.8803
2022/11/30,4080.11010742187,20.579999923706,25.67,80.5483
2022/12/1,4076.57006835937,19.8400001525878,25.64,77.8832
2022/12/2,4071.69995117187,19.0599994659423,25.65,74.6303
2022/12/5,3998.84008789062,20.75,25.27,74.2169
2022/12/6,3941.26000976562,22.1700000762939,25.36,72.1788
2022/12/7,3933.919922,22.6800003051757,25.4,72.7896
2022/12/8,3963.51000976562,22.2900009155273,25.02,70.799
2022/12/9,3934.3798828125,22.829999923706,22.68,70.2922
2022/12/12,3990.56005859375,25,14.35,75.6253
2022/12/13,4019.64990234375,22.5499992370605,14.44,74.7099
2022/12/14,3995.32006835937,21.1399993896484,13.38,71.5837
2022/12/15,3895.75,22.829999923706,13.27,67.0595
2022/12/16,3852.36010742187,22.6200008392334,13.7,69.3716
2022/12/19,3817.65991210937,22.4200000762939,13.5,74.6877
2022/12/20,3821.6201171875,21.4799995422363,13.73,72.3852
2022/12/21,3878.43994140625,20.0699996948242,13.38,70.5581
2022/12/22,3822.38989257812,21.9699993133544,12.69,67.665
2022/12/23,3844.82006835937,20.8700008392334,11.77,65.2533
2022/12/27,3829.25,21.6499996185302,11.46,65.6062
2022/12/28,3783.21997070312,22.1399993896484,11.28,65.4559
2022/12/29,3849.28002929687,21.4400005340576,11.16,64.2547
2022/12/30,3839.5,21.6700000762939,10.51,59.9845
2023/1/3,3824.13989257812,22.8999996185302,10.19,56.5966
2023/1/4,3852.96997070312,22.0100002288818,10.18,51.5445
2023/1/5,3808.10009765625,22.4599990844726,9.9,52.4527
2023/1/6,3895.080078,21.1299991607666,9.61,51.5174
2023/1/9,3892.09008789062,21.9699993133544,9.37,52.912
2023/1/10,3919.25,20.579999923706,9.44,53.4904
2023/1/11,3969.61010742187,21.0900001525878,9.35,55.0333
2023/1/12,3983.169922,18.829999923706,9.9,57.5657
2023/1/13,3999.09008789062,18.3500003814697,11.4,63.3285
2023/1/17,3990.96997070312,19.3600006103515,13.71,71.4456
2023/1/18,3928.86010742187,20.3400001525878,13.82,69.9282
2023/1/19,3898.85009765625,20.5200004577636,13.8,65.8606
2023/1/20,3972.61010742187,19.8500003814697,13.83,62.4752
2023/1/23,4019.81005859375,19.8099994659423,16.35,69.085
2023/1/24,4016.94995117187,19.2000007629394,16.44,68.6485
2023/1/25,4016.21997070312,19.079999923706,16.69,65.2547
2023/1/26,4060.42993164062,18.7299995422363,16.9,63.0368
2023/1/27,4070.56005859375,18.5100002288818,16.95,62.2004
2023/1/30,4017.77001953125,19.9400005340576,17.46,61.0527
2023/1/31,4076.60009765625,19.3999996185302,17.67,62.2067
2023/2/1,4119.2099609375,17.8700008392334,17.74,63.5882
2023/2/2,4179.759766,18.7299995422363,18.03,62.4135
2023/2/3,4136.47998046875,18.329999923706,18.11,61.3342
2023/2/6,4111.080078,19.4300003051757,18.36,62.1089
2023/2/7,4164,18.6599998474121,18.48,61.0252
2023/2/8,4117.85986328125,19.6299991607666,18.49,60.1707
2023/2/9,4081.5,20.7099990844726,18.78,58.3403
2023/2/10,4090.4599609375,20.5300006866455,19.29,57.0997
2023/2/13,4137.2900390625,20.3400001525878,15.86,57.7929
2023/2/14,4136.1298828125,18.9099998474121,15.71,56.1444
2023/2/15,4147.60009765625,18.2299995422363,15.68,56.2185
2023/2/16,4090.40991210937,20.1700000762939,17.19,62.3919
2023/2/17,4079.09008789062,20.0200004577636,18.5,64.8248
2023/2/21,3997.34008789062,22.8700008392334,16.57,65.8173
2023/2/22,3991.05004882812,22.2900009155273,16.67,63.256
2023/2/23,4012.32006835937,21.1399993896484,17.4,60.2617
2023/2/24,3970.0400390625,21.6700000762939,17.24,56.8711
2023/2/27,3982.23999023437,20.9500007629394,17.36,54.4001
2023/2/28,3970.14990234375,20.7000007629394,17.52,53.5366
2023/3/1,3951.38989257812,20.579999923706,17.34,57.4804
2023/3/2,3981.35009765625,19.5900001525878,17.21,57.6829
2023/3/3,4045.63989257812,18.4899997711181,18.49,55.9304
2023/3/6,4048.419922,18.6100006103515,17.96,55.5683
2023/3/7,3986.3701171875,19.5900001525878,17.98,55.2911
2023/3/8,3992.01000976562,19.1100006103515,17.91,55.0201
2023/3/9,3918.32006835937,22.6100006103515,17.92,56.9794
2023/3/10,3861.59008789062,24.7999992370605,19.19,61.7286
2023/3/13,3855.76000976562,26.5200004577636,20.72,70.2933
2023/3/14,3919.2900390625,23.7299995422363,24.46,67.8005
2023/3/15,3891.92993164062,26.1399993896484,26.27,68.8424
2023/3/16,3960.28002929687,22.9899997711181,26.35,64.8125
2023/3/17,3916.63989257812,25.5100002288818,26.85,69.0287
2023/3/20,3951.57006835937,24.1499996185302,26.28,74.0335
2023/3/21,4002.8701171875,21.3799991607666,26.45,73.8463
2023/3/22,3936.96997070312,22.2600002288818,26.25,71.0888
2023/3/23,3948.71997070312,22.6100006103515,27.45,69.4023
2023/3/24,3970.98999023437,21.7399997711181,28.05,70.3562
2023/3/27,3977.53002929687,20.6000003814697,27.51,67.541
2023/3/28,3971.27001953125,19.9699993133544,28.02,66.4088
2023/3/29,4027.81005859375,19.1200008392334,28.25,68.0507
2023/3/30,4050.830078,19.0200004577636,28.13,67.9125
2023/3/31,4109.31005859375,18.7000007629394,28.24,64.0609
2023/4/3,4124.509766,18.5499992370605,27.58,64.4068
2023/4/4,4100.60009765625,19,27.67,64.5474
2023/4/5,4090.3798828125,19.079999923706,27.75,63.289
2023/4/6,4105.02001953125,18.3999996185302,27.88,62.7787
2023/4/10,4109.10986328125,18.9699993133544,26.37,63.9157
2023/4/11,4108.93994140625,19.1000003814697,26.66,64.1383
2023/4/12,4091.94995117187,19.0900001525878,25.59,60.9653
2023/4/13,4146.22021484375,17.7999992370605,22.11,60.1441
2023/4/14,4137.64013671875,17.0699996948242,19.89,59.2931
2023/4/17,4151.31982421875,16.9500007629394,18.74,60.4748
2023/4/18,4154.8701171875,16.829999923706,18.71,60.0577
2023/4/19,4154.52001953125,16.4599990844726,17.64,59.2956
2023/4/20,4129.7900390625,17.1700000762939,17.57,58.1748
2023/4/21,4133.52001953125,16.7700004577636,17.78,58.5037
2023/4/24,4137.0400390625,16.8899993896484,15.06,58.5435
2023/4/25,4071.6298828125,18.7600002288818,14.89,58.5435
2023/4/26,4055.98999023437,18.8400001525878,15.62,59.6875
2023/4/27,4135.35009765625,17.0300006866455,16.99,58.6078
2023/4/28,4169.47998046875,15.7799997329711,16.78,55.5718
2023/5/1,4167.8701171875,16.079999923706,17.02,56.8302
2023/5/2,4119.580078,17.7800006866455,17.2,56.2876
2023/5/3,4090.75,18.3400001525878,17.12,56.8351
2023/5/4,4061.21997070312,20.0900001525878,17.35,55.874
2023/5/5,4136.25,17.1900005340576,17.36,54.7415
2023/5/8,4138.1201171875,16.9799995422363,17.75,54.457
2023/5/9,4119.169922,17.7099990844726,17.93,54.8518
2023/5/10,4137.64013671875,16.9400005340576,17.96,54.3863
2023/5/11,4130.6201171875,16.9300003051757,17.71,54.0216
2023/5/12,4124.080078,17.0300006866455,17.98,54.2578
2023/5/15,4136.27978515625,17.1200008392334,18.19,53.6904
2023/5/16,4109.89990234375,17.9899997711181,18.22,53.2538
2023/5/17,4158.77001953125,16.8700008392334,18.16,52.5016
2023/5/18,4198.0498046875,16.0499992370605,18.19,49.9468
2023/5/19,4191.97998046875,16.8099994659423,17.91,48.8463
2023/5/22,4192.6298828125,17.2099990844726,17.14,50.2205
2023/5/23,4145.580078,18.5300006866455,17.23,52.0816
2023/5/24,4115.240234,20.0300006866455,17.29,53.2778
2023/5/25,4151.27978515625,19.1399993896484,17.37,51.3748
2023/5/26,4205.4501953125,17.9500007629394,16.68,48.4828
2023/5/30,4205.52001953125,17.4599990844726,14.58,48.5401
2023/5/31,4179.830078,17.9400005340576,13.95,47.5965
2023/6/1,4221.02001953125,15.6499996185302,14,46.5457
2023/6/2,4282.3701171875,14.6000003814697,13.72,45.3311
2023/6/5,4273.7900390625,14.7299995422363,13.08,43.4688
2023/6/6,4283.85009765625,13.9600000381469,13.6,43.3575
2023/6/7,4267.52001953125,13.9399995803833,14.64,44.0812
2023/6/8,4293.93017578125,13.6499996185302,14.58,44.8049
2023/6/9,4298.85986328125,13.829999923706,14.57,43.4915
2023/6/12,4338.93017578125,15.0100002288818,13.86,48.2724
2023/6/13,4369.009766,14.6099996566772,13.92,48.9105
2023/6/14,4372.589844,13.8800001144409,13.83,48.3563
2023/6/15,4425.839844,14.5,14.44,50.6842
2023/6/16,4409.589844,13.539999961853,14.61,48.5387
2023/6/20,4388.7099609375,13.8800001144409,14.95,52.7365
2023/6/21,4365.68994140625,13.1999998092651,16.05,57.4876
2023/6/22,4381.89013671875,12.9099998474121,16.47,55.0465
2023/6/23,4348.330078,13.4399995803833,16.4,53.9428
2023/6/26,4328.81982421875,14.25,16.75,51.6848
2023/6/27,4378.410156,13.7399997711181,16.75,51.423
2023/6/28,4376.85986328125,13.4300003051757,16.54,50.2704
2023/6/29,4396.43994140625,13.539999961853,16.62,48.0399
2023/6/30,4450.3798828125,13.5900001525878,16.36,47.425
2023/7/3,4455.589844,13.5699996948242,16.62,49.5891
2023/7/5,4446.81982421875,14.1800003051757,16.87,47.5357
2023/7/6,4411.589844,15.4399995803833,16.1,49.5508
2023/7/7,4398.9501953125,14.829999923706,15.47,48.4443
2023/7/10,4409.52978515625,15.0699996948242,14.8,46.3444
2023/7/11,4439.259766,14.8400001525878,14.95,45.7982
2023/7/12,4472.160156,13.539999961853,14.84,45.3085
2023/7/13,4510.0400390625,13.6099996566772,14.92,46.4832
2023/7/14,4505.419922,13.3400001525878,15.32,47.0798
2023/7/17,4522.7900390625,13.4799995422363,14.77,45.4435
2023/7/18,4554.97998046875,13.3000001907348,14.88,45.5564
2023/7/19,4565.72021484375,13.7600002288818,14.85,43.7979
2023/7/20,4534.8701171875,13.9899997711181,14.86,43.3692
2023/7/21,4536.339844,13.6000003814697,13.84,42.1046
2023/7/24,4554.64013671875,13.9099998474121,12.67,40.7917
2023/7/25,4567.4599609375,13.8599996566772,12.58,40.0372
2023/7/26,4566.75,13.1899995803833,12.51,41.0064
2023/7/27,4537.410156,14.4099998474121,12.42,40.0012
2023/7/28,4582.22998046875,13.329999923706,12.38,38.6727
2023/7/31,4588.9599609375,13.6300001144409,11.39,39.2024
2023/8/1,4576.72998046875,13.9300003051757,11.53,39.8956
2023/8/2,4513.39013671875,16.0900001525878,11.76,39.9514
2023/8/3,4501.89013671875,15.9200000762939,11.52,39.5335
2023/8/4,4478.02978515625,17.1000003814697,11.37,37.9467
2023/8/7,4518.43994140625,15.7700004577636,10.58,38.51
2023/8/8,4499.3798828125,15.9899997711181,10.72,40.6067
2023/8/9,4467.7099609375,15.9600000381469,10.87,41.1858
2023/8/10,4468.830078,15.8500003814697,10.7,38.9783
2023/8/11,4464.0498046875,14.8400001525878,10.63,36.0746
2023/8/14,4489.72021484375,14.8199996948242,7.87,35.8867
2023/8/15,4437.85986328125,16.4599990844726,8.03,36.9109
2023/8/16,4404.330078,16.7800006866455,8.03,38.0511
2023/8/17,4370.35986328125,17.8899993896484,8.01,49.6027
2023/8/18,4369.7099609375,17.2999992370605,10.6,47.4544
2023/8/21,4399.77001953125,17.1299991607666,10.53,45.6508
2023/8/22,4387.5498046875,16.9699993133544,10.55,46.1766
2023/8/23,4436.009766,15.9799995422363,10.09,44.8061
2023/8/24,4376.31005859375,17.2000007629394,10.55,45.4437
2023/8/25,4405.7099609375,15.6800003051757,10.83,41.8699
2023/8/28,4433.31005859375,15.079999923706,10.71,41.1061
2023/8/29,4497.6298828125,14.4499998092651,10.79,43.5677
2023/8/30,4514.8701171875,13.8800001144409,13.65,41.6227
2023/8/31,4507.660156,13.5699996948242,13.57,40.2932
2023/9/1,4515.77001953125,13.0900001525878,14.16,39.6229
2023/9/5,4496.830078,14.0100002288818,14.24,42.3881
2023/9/6,4465.47998046875,14.4499998092651,14.23,42.081
2023/9/7,4451.14013671875,14.3999996185302,14.13,42.2887
2023/9/8,4457.490234,13.8400001525878,14.29,42.6572
2023/9/11,4487.4599609375,13.8000001907348,14.27,46.2594
2023/9/12,4461.89990234375,14.2299995422363,15.1,45.7906
2023/9/13,4467.43994140625,13.4799995422363,15.23,45.5143
2023/9/14,4505.10009765625,12.8199996948242,15.17,43.8062
2023/9/15,4450.31982421875,13.789999961853,15.24,42.0011
2023/9/18,4453.52978515625,14,13.5,43.0672
2023/9/19,4443.9501953125,14.1099996566772,13.8,43.4041
2023/9/20,4402.2001953125,15.1400003433227,13.86,43.6469
2023/9/21,4330,17.5400009155273,14.02,42.565
2023/9/22,4320.06005859375,17.2000007629394,13.98,39.5629
2023/9/25,4337.43994140625,16.8999996185302,13.43,41.0293
2023/9/26,4273.52978515625,18.9400005340576,13.49,41.7591
2023/9/27,4274.509766,18.2199993133544,13.72,40.605
2023/9/28,4299.7001953125,17.3400001525878,13.86,41.4872
2023/9/29,4288.0498046875,17.5200004577636,11.45,38.8333
2023/10/2,4288.39013671875,17.6100006103515,11.12,42.3216
2023/10/3,4229.4501953125,19.7800006866455,11.37,40.7429
2023/10/4,4263.75,18.579999923706,11.43,40.6664
2023/10/5,4258.18994140625,18.4899997711181,11.52,39.8322
2023/10/6,4308.5,17.4500007629394,11.6,38.7532
2023/10/9,4335.660156,17.7000007629394,11.45,40.5143
2023/10/10,4358.240234,17.0300006866455,11.48,41.1221
2023/10/11,4376.9501953125,16.0900001525878,11.61,40.701
2023/10/12,4349.60986328125,16.6900005340576,10.77,40.5094
2023/10/13,4327.77978515625,19.3199996948242,10.61,39.3328
2023/10/16,4373.6298828125,17.2099990844726,10.95,42.8369
2023/10/17,4373.2001953125,17.8799991607666,11.33,43.4152
2023/10/18,4314.60009765625,19.2199993133544,11.09,41.9381
2023/10/19,4278,21.3999996185302,10.71,41.6819
2023/10/20,4224.160156,21.7099990844726,11.4,45.8329
2023/10/23,4217.0400390625,20.3700008392334,11.74,59.9391
2023/10/24,4247.68017578125,18.9699993133544,15.64,58.7397
2023/10/25,4186.77001953125,20.1900005340576,16.15,60.0693
2023/10/26,4137.22998046875,20.6800003051757,16.63,59.7521
2023/10/27,4117.3701171875,21.2700004577636,16.48,53.1047
2023/10/30,4166.81982421875,19.75,16.29,57.7154
2023/10/31,4193.7998046875,18.1399993896484,16.41,57.2008
2023/11/1,4237.85986328125,16.8700008392334,15.91,60.059
2023/11/2,4317.77978515625,15.6599998474121,16.16,62.3783
2023/11/3,4358.339844,14.9099998474121,16.5,62.3783
2023/11/6,4365.97998046875,14.8900003433227,16.65,61.6682
2023/11/7,4378.3798828125,14.8100004196167,16.66,58.4748
2023/11/8,4382.77978515625,14.4499998092651,16.8,59.1466
2023/11/9,4347.35009765625,15.289999961853,17.03,62.4221
2023/11/10,4415.240234,14.1700000762939,17.76,62.6304
2023/11/13,4411.5498046875,14.7600002288818,17.67,62.7819
2023/11/14,4495.7001953125,14.1599998474121,17.81,61.9748
2023/11/15,4502.8798828125,14.1800003051757,18,62.7212
2023/11/16,4508.240234,14.3199996948242,18.4,61.8611
2023/11/17,4514.02001953125,13.8000001907348,19.06,59.8121
2023/11/20,4547.3798828125,13.4099998474121,18.8,60.9534
2023/11/21,4538.18994140625,13.3500003814697,18.8,61.6338
2023/11/22,4556.6201171875,12.8500003814697,19.25,60.3864
2023/11/24,4559.339844,12.4600000381469,15.96,58.5447
2023/11/27,4550.43017578125,12.6899995803833,15.56,57.0745
2023/11/28,4554.89013671875,12.6899995803833,15.61,55.9381
2023/11/29,4550.580078,12.9799995422363,15.82,56.2794
2023/11/30,4567.7998046875,12.9200000762939,15.76,55.6321
2023/12/1,4594.6298828125,12.6300001144409,15.81,56.6932
2023/12/4,4569.77978515625,13.079999923706,15.32,60.1359
2023/12/5,4567.18017578125,12.8500003814697,15.47,59.9366
2023/12/6,4549.339844,12.9700002670288,16.27,61.1265
2023/12/7,4585.589844,13.0600004196167,16.43,59.6739
2023/12/8,4604.3701171875,12.3500003814697,16.42,59.8522
2023/12/11,4622.43994140625,12.6300001144409,15.94,62.6361
2023/12/12,4643.7001953125,12.0699996948242,16.88,60.9347
2023/12/13,4707.089844,12.1899995803833,17.11,60.4849
2023/12/14,4719.5498046875,12.4799995422363,17.45,58.2776
2023/12/15,4719.18994140625,12.2799997329711,17.27,57.2951
2023/12/18,4740.56005859375,12.5600004196167,16.44,58.4848
2023/12/19,4768.3701171875,12.5299997329711,16.8,60.1919
2023/12/20,4698.35009765625,13.6700000762939,16.8,60.9689
2023/12/21,4746.75,13.6499996185302,17.26,61.0017
2023/12/22,4754.6298828125,13.0299997329711,16.67,61.4566
2023/12/26,4774.75,12.9899997711181,16.63,62.8494
2023/12/27,4781.580078,12.4300003051757,16.78,66.5757
2023/12/28,4783.35009765625,12.4700002670288,16.8,67.2962
2023/12/29,4769.830078,12.4499998092651,16.77,66.7742
2024/1/2,4742.830078,13.1999998092651,17.49,69.0559
2024/1/3,4704.81005859375,14.039999961853,17.35,68.9619
2024/1/4,4688.68017578125,14.1300001144409,18.17,69.3294
2024/1/5,4697.240234,13.3500003814697,17.76,71.3008
2024/1/8,4763.5400390625,13.079999923706,17.57,74.7327
2024/1/9,4756.5,12.7600002288818,18.63,70.3728
2024/1/10,4783.4501953125,12.6899995803833,18.27,70.7546
2024/1/11,4780.240234,12.4399995803833,17.96,65.8095
2024/1/12,4783.830078,12.6999998092651,17.85,61.9907
2024/1/16,4765.97998046875,13.8400001525878,18.66,59.7141
2024/1/17,4739.2099609375,14.789999961853,18.46,56.8298
2024/1/18,4780.93994140625,14.1300001144409,18.15,50.6918
2024/1/19,4839.81005859375,13.3000001907348,18.68,49.7343
2024/1/22,4850.43017578125,13.1899995803833,18.46,50.6945
2024/1/23,4864.60009765625,12.5500001907348,19.11,54.4745
2024/1/24,4868.5498046875,13.1400003433227,19.27,51.6101
2024/1/25,4894.160156,13.4499998092651,19.16,49.6427
2024/1/26,4890.97021484375,13.2600002288818,19.56,47.7321
2024/1/29,4927.93017578125,13.6000003814697,19.51,48.276
2024/1/30,4924.97021484375,13.3100004196167,19.65,49.5228
2024/1/31,4845.64990234375,14.3500003814697,19.72,49.5578
2024/2/1,4906.18994140625,13.8800001144409,19.39,47.8241
2024/2/2,4958.60986328125,13.8500003814697,19.27,46.1927
2024/2/5,4942.81005859375,13.6700000762939,17.94,45.7216
2024/2/6,4954.22998046875,13.0600004196167,17.98,45.7969
2024/2/7,4995.06005859375,12.829999923706,17.85,46.0164
2024/2/8,4997.910156,12.789999961853,16.97,46.9035
2024/2/9,5026.60986328125,12.9300003051757,17.17,49.7562
2024/2/12,5021.839844,13.9300003051757,15.23,55.6662
2024/2/13,4953.169922,15.8500003814697,15.98,55.8614
2024/2/14,5000.6201171875,14.3800001144409,16.57,57.6693
2024/2/15,5029.72998046875,14.0100002288818,16.55,58.3147
2024/2/16,5005.56982421875,14.2399997711181,16.62,57.3958
2024/2/20,4975.509766,15.4200000762939,15.66,59.5985
2024/2/21,4981.7998046875,15.3400001525878,15.9,58.1374
2024/2/22,5087.02978515625,14.539999961853,15.13,58.5193
2024/2/23,5088.7998046875,13.75,14.97,56.534
2024/2/26,5069.52978515625,13.7399997711181,14.04,60.1011
2024/2/27,5078.18017578125,13.4300003051757,15.9,62.7847
2024/2/28,5069.759766,13.8400001525878,16.16,70.3112
2024/2/29,5096.27001953125,13.3999996185302,17.19,72.2165
2024/3/1,5137.080078,13.1099996566772,17.49,68.5207
2024/3/4,5130.9501953125,13.4899997711181,17.27,77.5806
2024/3/5,5078.64990234375,14.4600000381469,17.88,76.9282
2024/3/6,5104.759766,14.5,22.61,80.0816
2024/3/7,5157.35986328125,14.4399995803833,22.71,76.6946
2024/3/8,5123.68994140625,14.7399997711181,22.7,75.9693
2024/3/11,5117.93994140625,15.2200002670288,22.98,85.7908
2024/3/12,5175.27001953125,13.8400001525878,22.98,81.6969
2024/3/13,5165.31005859375,13.75,23,81.0388
2024/3/14,5150.47998046875,14.3999996185302,22.51,75.4691
2024/3/15,5117.089844,14.4099998474121,24.01,77.9222
2024/3/18,5149.419922,14.329999923706,24.9,77.6569
2024/3/19,5178.509766,13.8199996948242,25.75,78.4655
2024/3/20,5224.6201171875,13.039999961853,26.62,81.2178
2024/3/21,5241.52978515625,12.9200000762939,27.34,78.6464
2024/3/22,5234.18017578125,13.0600004196167,27.56,77.2993
2024/3/25,5218.18994140625,13.1899995803833,27.86,78.602
2024/3/26,5203.580078,13.2399997711181,28.61,78.6544
2024/3/27,5248.490234,12.7799997329711,28.67,78.6644
2024/3/28,5254.35009765625,13.0100002288818,27.93,79.8897
2024/4/1,5243.77001953125,13.6499996185302,26.71,77.7074
2024/4/2,5205.81005859375,14.6099996566772,27.71,77.6413
2024/4/3,5211.490234,14.329999923706,27.62,76.1102
2024/4/4,5147.2099609375,16.3500003814697,27.22,74.4823
2024/4/5,5204.339844,16.0300006866455,23.78,74.9251
2024/4/8,5202.39013671875,15.1899995803833,24.13,79.6099
2024/4/9,5209.910156,14.9799995422363,24.18,77.6218
2024/4/10,5160.64013671875,15.8000001907348,23.77,75.8241
2024/4/11,5199.06005859375,14.9099998474121,23.95,71.5197
2024/4/12,5123.410156,17.3099994659423,23.95,68.5513
2024/4/15,5061.81982421875,19.2299995422363,23.65,73.2947
2024/4/16,5051.410156,18.3999996185302,23.26,75.3234
2024/4/17,5022.2099609375,18.2099990844726,23.45,74.0805
2024/4/18,5011.1201171875,18,23.73,72.4399
2024/4/19,4967.22998046875,18.7099990844726,23.98,73.6438
2024/4/22,5010.60009765625,16.9400005340576,22.59,73.8378
2024/4/23,5070.5498046875,15.6899995803833,22.5,71.0676
2024/4/24,5071.6298828125,15.9700002670288,22.3,68.7962
2024/4/25,5048.419922,15.369999885559,21.59,63.7454
2024/4/26,5099.9599609375,15.0299997329711,21.55,60.718
2024/4/29,5116.169922,14.6700000762939,21.38,60.7925
2024/4/30,5035.68994140625,15.6499996185302,22.09,66.8575
2024/5/1,5018.39013671875,15.3900003433227,22.97,68.9724
2024/5/2,5064.2001953125,14.6800003051757,22.18,64.4261
2024/5/3,5127.7900390625,13.4899997711181,22.24,61.5163
2024/5/6,5180.740234,13.4899997711181,22.82,62.8565
2024/5/7,5187.7001953125,13.2299995422363,22.84,60.1712
2024/5/8,5187.669922,13,22.55,58.4838
2024/5/9,5214.080078,12.6899995803833,22.66,58.2739
2024/5/10,5222.68017578125,12.5500001907348,22.6,58.2623
2024/5/13,5221.419922,13.6000003814697,22.25,60.6317
2024/5/14,5246.68017578125,13.4200000762939,21.35,60.7058
2024/5/15,5308.14990234375,12.4499998092651,20.96,62.1562
2024/5/16,5297.10009765625,12.4200000762939,21.3,60.2322
2024/5/17,5303.27001953125,11.9899997711181,21.07,58.9629
2024/5/20,5308.1298828125,12.1499996185302,18.26,64.7404
2024/5/21,5321.410156,11.8599996566772,19.15,65.7556
2024/5/22,5307.009766,12.289999961853,19.36,64.4499
2024/5/23,5267.839844,12.7700004577636,19.4,62.1344
2024/5/24,5304.72021484375,11.9300003051757,19.88,57.9103
2024/5/28,5306.0400390625,12.9200000762939,20.09,59.8281
2024/5/29,5266.9501953125,14.2799997329711,20.05,58.7407
2024/5/30,5235.47998046875,14.4700002670288,19.26,58.2929
2024/5/31,5277.509766,12.9200000762939,17.96,57.3007
2024/6/3,5283.39990234375,13.1099996566772,16.28,58.403
2024/6/4,5291.339844,13.1599998474121,16.13,58.16
2024/6/5,5354.02978515625,12.6300001144409,16.24,60.3805
2024/6/6,5352.9599609375,12.579999923706,16.14,58.1357
2024/6/7,5346.990234,12.2200002670288,16.01,55.9534
2024/6/10,5360.7900390625,12.7399997711181,15.07,55.8418
2024/6/11,5375.31982421875,12.8500003814697,15.44,57.1028
2024/6/12,5421.02978515625,12.039999961853,15.32,56.5562
2024/6/13,5433.740234,11.9399995803833,16.31,54.0594
2024/6/14,5431.60009765625,12.6599998474121,16.48,52.6492
2024/6/17,5473.22998046875,12.75,15.4,54.21
2024/6/18,5487.02978515625,12.3000001907348,15.84,55.0645
2024/6/20,5473.169922,13.2799997329711,14.77,55.0571
2024/6/21,5464.6201171875,13.1999998092651,14.72,53.4105
2024/6/24,5447.8701171875,13.329999923706,14.1,55.7726
2024/6/25,5469.2998046875,12.8400001525878,14.77,54.3766
2024/6/26,5477.89990234375,12.5500001907348,14.83,52.7869
2024/6/27,5482.8701171875,12.2399997711181,14,53.1966
2024/6/28,5460.47998046875,12.4399995803833,14,51.4859
2024/7/1,5475.089844,12.2200002670288,14.23,50.6111
2024/7/2,5509.009766,12.0299997329711,14.35,48.7618
2024/7/3,5537.02001953125,12.0900001525878,14.59,49.2687
2024/7/5,5567.18994140625,12.4799995422363,16.33,56.1623
2024/7/8,5572.85009765625,12.369999885559,17.24,57.3624
2024/7/9,5576.97998046875,12.5100002288818,17.54,56.8129
2024/7/10,5633.910156,12.8500003814697,17.78,55.1599
2024/7/11,5584.5400390625,12.9200000762939,17.72,53.5034
2024/7/12,5615.35009765625,12.4600000381469,17.8,51.4051
2024/7/15,5631.22021484375,13.119999885559,17.38,56.701
2024/7/16,5667.2001953125,13.1899995803833,18.21,59.7121
2024/7/17,5588.27001953125,14.4799995422363,18.4,63.4041
2024/7/18,5544.589844,15.9300003051757,18.12,60.3581
2024/7/19,5505,16.5200004577636,18.15,62.4976
2024/7/22,5564.410156,14.9099998474121,18.59,67.9045
2024/7/23,5555.740234,14.7200002670288,18.89,67.9041
2024/7/24,5427.1298828125,18.0400009155273,18.6,64.4439
2024/7/25,5399.22021484375,18.4599990844726,18.34,64.053
2024/7/26,5459.10009765625,16.3899993896484,18.61,63.0632
2024/7/29,5463.5400390625,16.6000003814697,18.63,57.0625
2024/7/30,5436.43994140625,17.6900005340576,19.04,53.7969
2024/7/31,5522.2998046875,16.3600006103515,18.9,52.8275
2024/8/1,5446.68017578125,18.5900001525878,19.11,51.8882
2024/8/2,5346.56005859375,23.3899993896484,19.73,52.9015
2024/8/5,5186.330078,38.5699996948242,22.48,69.9784
2024/8/6,5240.02978515625,27.7099990844726,24.9,67.7486
2024/8/7,5199.5,27.8500003814697,24.63,66.859
2024/8/8,5319.31005859375,23.7900009155273,25.4,63.981
2024/8/9,5344.160156,20.3700008392334,26.19,61.8593
2024/8/12,5344.39013671875,20.7099990844726,26.14,64.1595
2024/8/13,5434.43017578125,18.1200008392334,26.15,63.8011
2024/8/14,5455.2099609375,16.1900005340576,26.05,62.2256
2024/8/15,5543.22021484375,15.2299995422363,25.97,60.1412
2024/8/16,5554.25,14.8000001907348,26.72,58.6703
2024/8/19,5608.25,14.6499996185302,26.6,58.6815
2024/8/20,5597.1201171875,15.8800001144409,26.8,58.8154
2024/8/21,5620.85009765625,16.2700004577636,27.04,59.5393
2024/8/22,5570.64013671875,17.5499992370605,27.24,58.635
2024/8/23,5634.60986328125,15.8599996566772,27.29,58.3244
2024/8/26,5616.839844,16.1499996185302,27.39,56.8138
2024/8/27,5625.7998046875,15.4300003051757,27.34,56.5994
2024/8/28,5592.18017578125,17.1100006103515,28.05,57.0632
2024/8/29,5591.9599609375,15.6499996185302,28.01,58.275
2024/8/30,5648.39990234375,15,28.28,57.7187
2024/9/3,5528.93017578125,20.7199993133544,27.46,58.6862
2024/9/4,5520.06982421875,21.3199996948242,24.62,61.437
2024/9/5,5503.410156,19.8999996185302,22.36,61.3223
2024/9/6,5408.419922,22.3799991607666,22.31,63.3571
2024/9/9,5471.0498046875,19.4500007629394,20.75,63.9648
2024/9/10,5495.52001953125,19.079999923706,21.18,62.7302
2024/9/11,5554.1298828125,17.6900005340576,21.11,60.2565
2024/9/12,5595.759766,17.0699996948242,21.25,58.4241
2024/9/13,5626.02001953125,16.5599994659423,20.97,57.686
2024/9/16,5633.089844,17.1399993896484,19.14,57.6806
2024/9/17,5634.580078,17.6100006103515,19.31,58.4485
2024/9/18,5618.259766,18.2299995422363,19.85,58.6079
2024/9/19,5713.64013671875,16.329999923706,19.93,56.1566
2024/9/20,5702.5498046875,16.1499996185302,19.56,56.6615
2024/9/23,5718.56982421875,15.8900003433227,18.41,56.2002
2024/9/24,5732.93017578125,15.3900003433227,18.43,55.9524
2024/9/25,5722.259766,15.4099998474121,18.55,56.0574
2024/9/26,5745.3701171875,15.369999885559,18.58,55.4221
2024/9/27,5738.169922,16.9599990844726,17.36,56.7538
2024/9/30,5762.47998046875,16.7299995422363,16.53,58.1433
2024/10/1,5708.75,19.2600002288818,16.55,59.3905
2024/10/2,5709.5400390625,18.8999996185302,16.81,60.6929
2024/10/3,5699.93994140625,20.4899997711181,17.32,60.6085
2024/10/4,5751.06982421875,19.2099990844726,16.93,60.7465
2024/10/7,5695.93994140625,22.6399993896484,15.52,61.1341
2024/10/8,5751.1298828125,21.4200000762939,15.75,58.1613
2024/10/9,5792.0400390625,20.8600006103515,15.56,59.1022
2024/10/10,5780.0498046875,20.9300003051757,15.23,59.3734
2024/10/11,5815.02978515625,20.4599990844726,15.23,58.6649
2024/10/14,5859.85009765625,19.7000007629394,14.92,61.4173
2024/10/15,5815.259766,20.6399993896484,15.15,62.0299
2024/10/16,5842.47021484375,19.579999923706,15.23,62.0842
2024/10/17,5841.47021484375,19.1100006103515,15.06,61.0053
2024/10/18,5864.669922,18.0300006866455,14.31,60.3218
2024/10/21,5853.97998046875,18.3700008392334,13.87,60.452
2024/10/22,5851.2001953125,18.2000007629394,14.19,59.7692
2024/10/23,5797.419922,19.2399997711181,13.91,59.6233
2024/10/24,5809.85986328125,19.079999923706,13.95,59.885
2024/10/25,5808.1201171875,20.329999923706,13.92,59.5572
2024/10/28,5823.52001953125,19.7999992370605,13.89,60.5702
2024/10/29,5832.919922,19.3400001525878,14.27,61.7029
2024/10/30,5813.669922,20.3500003814697,14.01,62.4158
2024/10/31,5705.4501953125,23.1599998474121,13.94,63.5695
2024/11/1,5728.7998046875,21.8799991607666,13.8,63.0987
2024/11/4,5712.68994140625,21.9799995422363,13.29,67.0277
2024/11/5,5782.759766,20.4899997711181,13.43,67.8162
2024/11/6,5929.0400390625,16.2700004577636,16.24,61.0995
2024/11/7,5973.10009765625,15.1999998092651,16.13,59.8218
2024/11/8,5995.5400390625,14.9399995803833,16.23,57.4671
2024/11/11,6001.35009765625,14.9700002670288,15.96,60.9551
2024/11/12,5983.990234,14.7100000381469,17.43,64.4964
2024/11/13,5985.3798828125,14.0200004577636,17.88,62.0448
2024/11/14,5949.169922,14.3100004196167,19.17,62.7469
2024/11/15,5870.6201171875,16.1399993896484,20.1,62.4346
2024/11/18,5893.6201171875,15.579999923706,20.51,62.3345
2024/11/19,5916.97998046875,16.3500003814697,20.78,63.1117
2024/11/20,5917.10986328125,17.1599998474121,20.96,62.6147
2024/11/21,5948.7099609375,16.8700008392334,21.04,65.9055
2024/11/22,5969.339844,15.2399997711181,21.32,66.8515
2024/11/25,5987.3701171875,14.6000003814697,21.31,68.0017
2024/11/26,6021.6298828125,14.1000003814697,22.24,67.0474
2024/11/27,5998.740234,14.1000003814697,22.4,66.6927
2024/11/29,6032.3798828125,13.5100002288818,22.54,
2024/12/2,6047.14990234375,13.3400001525878,22.32,
2024/12/3,6049.8798828125,13.3000001907348,22.51,
2024/12/4,6086.490234,13.4499998092651,22.47,
2024/12/5,6075.10986328125,13.539999961853,23.25,
2024/12/6,6090.27001953125,12.7700004577636,22.08,
2024/12/9,6052.85009765625,14.1899995803833,22.52,
2024/12/10,6034.910156,14.1800003051757,22.39,
2024/12/11,6084.18994140625,13.579999923706,22.4,
2024/12/12,6051.25,13.9200000762939,21.42,
2024/12/13,6051.089844,13.8100004196167,21.12,
2024/12/16,6074.080078,14.6899995803833,18.44,
2024/12/17,6050.60986328125,15.869999885559,18.59,
2024/12/18,5872.160156,27.6200008392334,18.51,
2024/12/19,5867.080078,24.0900001525878,18.78,
2024/12/20,5930.85009765625,18.3600006103515,20.68,
2024/12/23,5974.06982421875,16.7800006866455,21.29,
2024/12/24,6040.0400390625,14.2700004577636,21.68,
2024/12/26,6037.589844,14.7299995422363,21.72,
2024/12/27,5970.839844,15.9499998092651,21.66,
2024/12/30,5906.93994140625,17.3999996185302,21.42,
2024/12/31,5881.6298828125,17.3500003814697,22.13,
2025/1/2,5868.5498046875,17.9300003051757,22.09,
2025/1/3,5942.47021484375,16.1299991607666,22.07,
2025/1/6,5975.3798828125,16.0400009155273,20,
2025/1/7,5909.02978515625,17.8199996948242,20.42,
2025/1/8,5918.25,17.7000007629394,20.75,
2025/1/10,5827.0400390625,19.5400009155273,20.83,
2025/1/13,5836.22021484375,19.1900005340576,20.82,
2025/1/14,5842.910156,18.7099990844726,21.33,
2025/1/15,5949.910156,16.1200008392334,21.21,
2025/1/16,5937.339844,16.6000003814697,21.39,
2025/1/17,5996.660156,15.9700002670288,21.49,
2025/1/21,6049.240234,15.0600004196167,21.66,
2025/1/22,6086.3701171875,15.1000003814697,21.91,
2025/1/23,6118.7099609375,15.0200004577636,21.55,
2025/1/24,6101.240234,14.8500003814697,21.26,
2025/1/27,6012.27978515625,17.8999996185302,21.19,
2025/1/28,6067.7001953125,16.4099998474121,21.89,
2025/1/29,6039.31005859375,16.5599994659423,21.96,
2025/1/30,6071.169922,15.8400001525878,21.34,
2025/1/31,6040.52978515625,16.4300003051757,21.13,
2025/2/3,5994.56982421875,18.6200008392334,22.17,
2025/2/4,6037.8798828125,17.2099990844726,23.3,
2025/2/5,6061.47998046875,15.7700004577636,23.49,
2025/2/6,6083.56982421875,15.5,23.26,
2025/2/7,6025.990234,16.5400009155273,23.02,
2025/2/10,6066.43994140625,15.8100004196167,22.77,
2025/2/11,6068.5,16.0200004577636,22.81,
2025/2/12,6051.97021484375,15.8900003433227,22.69,
2025/2/13,6115.06982421875,15.1000003814697,22.43,
2025/2/14,6114.6298828125,14.7700004577636,22.44,
2025/2/18,6129.580078,15.3500003814697,21.52,
2025/2/19,6144.14990234375,15.2700004577636,18.91,
2025/2/20,6117.52001953125,15.6599998474121,18.2,
2025/2/21,6013.1298828125,18.2099990844726,17.75,
2025/2/24,5983.25,18.9799995422363,17.33,
2025/2/25,5955.25,19.4300003051757,18.48,
2025/2/26,5956.06005859375,19.1000003814697,18.17,
2025/2/27,5861.56982421875,21.1299991607666,18.55,
2025/2/28,5954.5,19.6299991607666,20.28,
2025/3/3,5849.72021484375,22.7800006866455,22.89,
2025/3/4,5778.14990234375,23.5100002288818,24.12,
2025/3/5,5842.6298828125,21.9300003051757,25.5,
2025/3/6,5738.52001953125,24.8700008392334,24.68,
2025/3/7,5770.2001953125,23.3700008392334,25.49,
2025/3/10,5614.56005859375,27.8600006103515,25.72,
2025/3/11,5572.06982421875,26.9200000762939,26.3,
2025/3/12,5599.2998046875,24.2299995422363,26.59,
2025/3/13,5521.52001953125,24.6599998474121,26.76,
2025/3/14,5638.93994140625,21.7700004577636,26.85,
2025/3/17,5675.1201171875,20.5100002288818,27,
2025/3/18,5614.660156,21.7000007629394,27.14,
2025/3/19,5675.2900390625,19.8999996185302,27.21,
2025/3/20,5662.89013671875,19.7999992370605,27.39,
2025/3/21,5667.56005859375,19.2800006866455,27.24,
2025/3/24,5767.56982421875,17.4799995422363,27.07,
2025/3/25,5776.64990234375,17.1499996185302,27.18,
2025/3/26,5712.2001953125,18.329999923706,27.25,
2025/3/27,5693.31005859375,18.6900005340576,26.57,
2025/3/28,5580.93994140625,21.6499996185302,26.44,
2025/3/31,5611.85009765625,22.2800006866455,23.48,
2025/4/1,5633.06982421875,21.7700004577636,23.67,
2025/4/2,5670.97021484375,21.5100002288818,21.64,
2025/4/3,5396.52001953125,30.0200004577636,21.53,
2025/4/4,5074.080078,45.310001373291,19.65,
2025/4/7,5062.25,46.9799995422363,19.81,
2025/4/8,4982.77001953125,52.3300018310546,20.18,
2025/4/9,5456.89990234375,33.6199989318847,20.69,
2025/4/10,5268.0498046875,40.7200012207031,22.08,
2025/4/11,5363.35986328125,37.560001373291,22.31,
2025/4/14,5405.97021484375,30.8899993896484,21.93,
2025/4/15,5396.6298828125,30.1200008392334,21.84,
2025/4/16,5275.7001953125,32.6399993896484,21.82,
2025/4/17,5282.7001953125,29.6499996185302,21.8,
2025/4/21,5158.2001953125,33.8199996948242,21.75,
2025/4/22,5287.759766,30.5699996948242,21.9,
2025/4/23,5375.85986328125,28.4500007629394,22.37,
2025/4/24,5484.77001953125,26.4699993133544,22.35,
2025/4/25,5525.2099609375,24.8400001525878,22.33,
2025/4/28,5528.75,25.1499996185302,21.86,
2025/4/29,5560.830078,24.1700000762939,22.04,
2025/4/30,5569.06005859375,24.7000007629394,22.12,
2025/5/1,5604.14013671875,24.6000003814697,22.02,
2025/5/2,5686.669922,22.6800003051757,21.99,
2025/5/5,5650.3798828125,23.6399993896484,20.18,
2025/5/6,5606.910156,24.7600002288818,20.14,
2025/5/7,5631.27978515625,23.5499992370605,18.46,
2025/5/8,5663.93994140625,22.4799995422363,18.28,
2025/5/9,5659.910156,21.8999996185302,17.17,
2025/5/12,5844.18994140625,18.3899993896484,13.5,
2025/5/13,5886.5498046875,18.2199993133544,13.65,
2025/5/14,5892.580078,18.6200008392334,13.64,
2025/5/15,5916.93017578125,17.829999923706,13.64,
2025/5/16,5958.3798828125,17.2399997711181,13.49,
2025/5/19,5963.60009765625,18.1399993896484,14.11,
2025/5/20,5940.4599609375,18.0900001525878,14.25,
2025/5/21,5844.60986328125,20.8700008392334,13.89,
2025/5/22,5842.009766,20.2800006866455,14.21,
2025/5/23,5802.81982421875,22.2900009155273,13.4,
2025/5/27,5921.5400390625,18.9599990844726,13.74,
2025/5/28,5888.5498046875,19.3099994659423,13.67,
2025/5/29,5912.169922,19.1800003051757,13.57,
2025/5/30,5911.68994140625,18.5699996948242,13.78,
2025/6/2,5935.93994140625,18.3600006103515,13.74,
2025/6/3,5970.3701171875,17.6900005340576,13.86,
2025/6/4,5970.81005859375,17.6100006103515,13.85,
2025/6/5,5939.2998046875,18.4799995422363,13.8,
2025/6/6,6000.35986328125,16.7700004577636,14.12,
2025/6/9,6005.8798828125,17.1599998474121,13.54,
2025/6/10,6038.81005859375,16.9500007629394,13.57,
2025/6/11,6022.240234,17.2600002288818,13.61,
2025/6/12,6045.259766,18.0200004577636,13.23,
2025/6/13,5976.97021484375,20.8199996948242,13.42,
2025/6/16,6033.10986328125,19.1100006103515,13.48,
2025/6/17,5982.72021484375,21.6000003814697,13.85,
2025/6/18,5980.8701171875,20.1399993896484,13.17,
2025/6/20,5967.839844,20.6200008392334,12.91,
2025/6/23,6025.169922,19.829999923706,13.4,
2025/6/24,6092.18017578125,17.4799995422363,13.92,
2025/6/25,6092.160156,16.7600002288818,13.8,
2025/6/26,6141.02001953125,16.5900001525878,13.79,
2025/6/27,6173.06982421875,16.3199996948242,13.81,
2025/6/30,6204.9501953125,16.7299995422363,13.25,
2025/7/1,6198.009766,16.829999923706,13.19,
2025/7/2,6227.419922,16.6399993896484,13.1,
2025/7/3,6279.35009765625,16.3799991607666,13.09,
2025/7/7,6229.97998046875,17.7900009155273,12.37,
2025/7/8,6225.52001953125,16.8099994659423,12.41,
2025/7/9,6263.259766,15.9399995803833,12.14,
2025/7/10,6280.4599609375,15.7799997329711,12.24,
2025/7/11,6259.75,16.3999996185302,12.82,
2025/7/14,6268.56005859375,17.2000007629394,12.73,
2025/7/15,6243.759766,17.3799991607666,13.25,
2025/7/16,6263.7001953125,17.1599998474121,13.24,
2025/7/17,6297.35986328125,16.5200004577636,12.89,
2025/7/18,6296.7900390625,16.4099998474121,12.82,
2025/7/21,6305.60009765625,16.6499996185302,12.76,
2025/7/22,6309.6201171875,16.5,12.82,
2025/7/23,6358.910156,15.369999885559,11.65,
2025/7/24,6363.35009765625,15.3900003433227,11.01,
2025/7/25,6388.64013671875,14.9300003051757,11.104545454545454,
2025/7/28,6389.77001953125,15.0299997329711,11.19909090909091,
2025/7/29,6370.85986328125,15.9799995422363,11.293636363636363,
2025/7/30,6362.89990234375,15.4799995422363,11.388181818181819,
2025/7/31,6339.39013671875,16.7199993133544,11.482727272727272,
2025/8/1,6238.009766,20.3799991607666,11.577272727272726,
2025/8/4,6329.93994140625,17.5200004577636,11.671818181818182,
2025/8/5,6299.18994140625,17.8500003814697,11.766363636363636,
2025/8/6,6345.06005859375,16.7700004577636,11.860909090909091,
2025/8/7,6340,16.5699996948242,11.955454545454545,
2025/8/8,6389.4501953125,15.1499996185302,12.05,
2025/8/11,6373.4501953125,16.25,12.144545454545455,
2025/8/12,6445.759766,14.7299995422363,12.239090909090908,
2025/8/13,6466.580078,14.4899997711181,12.333636363636364,
2025/8/14,6468.5400390625,14.829999923706,12.428181818181818,
2025/8/15,6449.7998046875,15.0900001525878,12.522727272727273,
2025/8/18,6449.14990234375,14.9899997711181,12.617272727272727,
2025/8/19,6411.3701171875,15.5699996948242,12.711818181818181,
2025/8/20,6395.77978515625,15.6899995803833,12.806363636363637,
2025/8/21,6370.169922,16.6000003814697,12.90090909090909,
2025/8/22,6466.910156,14.2200002670288,12.995454545454546,
2025/8/25,6439.31982421875,14.789999961853,13.09,
2025/8/26,6465.93994140625,14.619999885559,13.34,
2025/8/27,6481.39990234375,14.8500003814697,13.5,
2025/8/28,6501.85986328125,14.4300003051757,13.63,
2025/8/29,6460.259766,15.3599996566772,13.77,
2025/9/2,6415.5400390625,17.1700000762939,13.56,
2025/9/3,6448.259766,16.3500003814697,13.63,
2025/9/4,6502.080078,15.3000001907348,13.63,
2025/9/5,6481.5,15.1800003051757,13.67,
2025/9/8,6495.14990234375,15.1099996566772,13.56,
2025/9/9,6512.60986328125,15.039999961853,13.52,
2025/9/10,6532.0400390625,15.3500003814697,13.3,
2025/9/11,6587.47021484375,14.7100000381469,13.4,
2025/9/12,6584.2900390625,14.7600002288818,13.26,
2025/9/15,6615.27978515625,15.6899995803833,12.47,
2025/9/16,6606.759766,16.3600006103515,12.5,
2025/9/17,6600.35009765625,15.7200002670288,12.35,
2025/9/18,6631.9599609375,15.6999998092651,12.33,
2025/9/19,6664.35986328125,15.4499998092651,12.12,
2025/9/22,6693.75,16.1000003814697,10.68,
2025/9/23,6656.919922,16.6399993896484,10.72,
2025/9/24,6637.97021484375,16.1800003051757,10.42,
2025/9/25,6604.72021484375,16.7399997711181,10.2,
